-- member (id_member, name, username, email, about, description, location, phone_number, region_code, banned)

INSERT INTO member (id_member, name, username, email, about, description, location, phone_number, region_code, banned) VALUES(1, 'Cláudio Lemos', 'claudiolemos', 'Aliquam vestibulum, sem et congue tincidunt, nibh ligula commodo urna, at gravida ante tortor eget magna.', 'Lorem ipsum dolor sit amet, consectetur adipiscing elit. Suspendisse euismod commodo velit, ut tincidunt urna consectetur eget. Aliquam vestibulum, sem et congue tincidunt, nibh ligula commodo urna, at gravida ante tortor eget magna. Curabitur euismod enim quis accumsan semper. Interdum et malesuada fames ac ante ipsum primis in faucibus. Proin.', 'Porto, Portugal', '910000001', '351', false);
INSERT INTO member (id_member, name, username, email, about, description, location, phone_number, region_code, banned) VALUES(2, 'Fernando Alves', 'fernandoalves', 'Aliquam vestibulum, sem et congue tincidunt, nibh ligula commodo urna, at gravida ante tortor eget magna.', 'Lorem ipsum dolor sit amet, consectetur adipiscing elit. Suspendisse euismod commodo velit, ut tincidunt urna consectetur eget. Aliquam vestibulum, sem et congue tincidunt, nibh ligula commodo urna, at gravida ante tortor eget magna. Curabitur euismod enim quis accumsan semper. Interdum et malesuada fames ac ante ipsum primis in faucibus. Proin.', 'Porto, Portugal', '910000002', '351', false);
INSERT INTO member (id_member, name, username, email, about, description, location, phone_number, region_code, banned) VALUES(3, 'João Maduro', 'joaomaduro', 'Aliquam vestibulum, sem et congue tincidunt, nibh ligula commodo urna, at gravida ante tortor eget magna.', 'Lorem ipsum dolor sit amet, consectetur adipiscing elit. Suspendisse euismod commodo velit, ut tincidunt urna consectetur eget. Aliquam vestibulum, sem et congue tincidunt, nibh ligula commodo urna, at gravida ante tortor eget magna. Curabitur euismod enim quis accumsan semper. Interdum et malesuada fames ac ante ipsum primis in faucibus. Proin.', 'Porto, Portugal', '910000003', '351', false);
INSERT INTO member (id_member, name, username, email, about, description, location, phone_number, region_code, banned) VALUES(4, 'Pedro Gonçalves', 'pedrogoncalves', 'Aliquam vestibulum, sem et congue tincidunt, nibh ligula commodo urna, at gravida ante tortor eget magna.', 'Lorem ipsum dolor sit amet, consectetur adipiscing elit. Suspendisse euismod commodo velit, ut tincidunt urna consectetur eget. Aliquam vestibulum, sem et congue tincidunt, nibh ligula commodo urna, at gravida ante tortor eget magna. Curabitur euismod enim quis accumsan semper. Interdum et malesuada fames ac ante ipsum primis in faucibus. Proin.', 'Porto, Portugal', '910000004', '351', false);
INSERT INTO member (id_member, name, username, email, about, description, location, phone_number, region_code, banned) VALUES(5, 'Alexandra Mendes', 'alexandramendes', 'Aliquam vestibulum, sem et congue tincidunt, nibh ligula commodo urna, at gravida ante tortor eget magna.', 'Lorem ipsum dolor sit amet, consectetur adipiscing elit. Suspendisse euismod commodo velit, ut tincidunt urna consectetur eget. Aliquam vestibulum, sem et congue tincidunt, nibh ligula commodo urna, at gravida ante tortor eget magna. Curabitur euismod enim quis accumsan semper. Interdum et malesuada fames ac ante ipsum primis in faucibus. Proin.', 'Porto, Portugal', '910000005', '351', false);
INSERT INTO member (id_member, name, username, email, about, description, location, phone_number, region_code, banned) VALUES(6, 'Fábio Bernardo', 'fabiobernardo', 'Aliquam vestibulum, sem et congue tincidunt, nibh ligula commodo urna, at gravida ante tortor eget magna.', 'Lorem ipsum dolor sit amet, consectetur adipiscing elit. Suspendisse euismod commodo velit, ut tincidunt urna consectetur eget. Aliquam vestibulum, sem et congue tincidunt, nibh ligula commodo urna, at gravida ante tortor eget magna. Curabitur euismod enim quis accumsan semper. Interdum et malesuada fames ac ante ipsum primis in faucibus. Proin.', 'Porto, Portugal', '910000006', '351', false);
INSERT INTO member (id_member, name, username, email, about, description, location, phone_number, region_code, banned) VALUES(7, 'Duarte Oliveira', 'duarteoliveira', 'Aliquam vestibulum, sem et congue tincidunt, nibh ligula commodo urna, at gravida ante tortor eget magna.', 'Lorem ipsum dolor sit amet, consectetur adipiscing elit. Suspendisse euismod commodo velit, ut tincidunt urna consectetur eget. Aliquam vestibulum, sem et congue tincidunt, nibh ligula commodo urna, at gravida ante tortor eget magna. Curabitur euismod enim quis accumsan semper. Interdum et malesuada fames ac ante ipsum primis in faucibus. Proin.', 'Porto, Portugal', '910000007', '351', false);
INSERT INTO member (id_member, name, username, email, about, description, location, phone_number, region_code, banned) VALUES(8, 'Diogo Silva', 'diogosilva', 'Aliquam vestibulum, sem et congue tincidunt, nibh ligula commodo urna, at gravida ante tortor eget magna.', 'Lorem ipsum dolor sit amet, consectetur adipiscing elit. Suspendisse euismod commodo velit, ut tincidunt urna consectetur eget. Aliquam vestibulum, sem et congue tincidunt, nibh ligula commodo urna, at gravida ante tortor eget magna. Curabitur euismod enim quis accumsan semper. Interdum et malesuada fames ac ante ipsum primis in faucibus. Proin.', 'Porto, Portugal', '910000008', '351', false);
INSERT INTO member (id_member, name, username, email, about, description, location, phone_number, region_code, banned) VALUES(9, 'Carolina Soares', 'carolinasoares', 'Aliquam vestibulum, sem et congue tincidunt, nibh ligula commodo urna, at gravida ante tortor eget magna.', 'Lorem ipsum dolor sit amet, consectetur adipiscing elit. Suspendisse euismod commodo velit, ut tincidunt urna consectetur eget. Aliquam vestibulum, sem et congue tincidunt, nibh ligula commodo urna, at gravida ante tortor eget magna. Curabitur euismod enim quis accumsan semper. Interdum et malesuada fames ac ante ipsum primis in faucibus. Proin.', 'Porto, Portugal', '910000009', '351', false);
INSERT INTO member (id_member, name, username, email, about, description, location, phone_number, region_code, banned) VALUES(10, 'Rúben Barreiro', 'rubenbarreiro', 'Aliquam vestibulum, sem et congue tincidunt, nibh ligula commodo urna, at gravida ante tortor eget magna.', 'Lorem ipsum dolor sit amet, consectetur adipiscing elit. Suspendisse euismod commodo velit, ut tincidunt urna consectetur eget. Aliquam vestibulum, sem et congue tincidunt, nibh ligula commodo urna, at gravida ante tortor eget magna. Curabitur euismod enim quis accumsan semper. Interdum et malesuada fames ac ante ipsum primis in faucibus. Proin.', 'Porto, Portugal', '910000010', '351', false);
INSERT INTO member (id_member, name, username, email, about, description, location, phone_number, region_code, banned) VALUES(11, 'Vitor Lopes', 'vitorlopes', 'Aliquam vestibulum, sem et congue tincidunt, nibh ligula commodo urna, at gravida ante tortor eget magna.', 'Lorem ipsum dolor sit amet, consectetur adipiscing elit. Suspendisse euismod commodo velit, ut tincidunt urna consectetur eget. Aliquam vestibulum, sem et congue tincidunt, nibh ligula commodo urna, at gravida ante tortor eget magna. Curabitur euismod enim quis accumsan semper. Interdum et malesuada fames ac ante ipsum primis in faucibus. Proin.', 'Porto, Portugal', '910000011', '351', false);
INSERT INTO member (id_member, name, username, email, about, description, location, phone_number, region_code, banned) VALUES(12, 'António Marques', 'antoniomarques', 'Aliquam vestibulum, sem et congue tincidunt, nibh ligula commodo urna, at gravida ante tortor eget magna.', 'Lorem ipsum dolor sit amet, consectetur adipiscing elit. Suspendisse euismod commodo velit, ut tincidunt urna consectetur eget. Aliquam vestibulum, sem et congue tincidunt, nibh ligula commodo urna, at gravida ante tortor eget magna. Curabitur euismod enim quis accumsan semper. Interdum et malesuada fames ac ante ipsum primis in faucibus. Proin.', 'Porto, Portugal', '910000012', '351', false);
INSERT INTO member (id_member, name, username, email, about, description, location, phone_number, region_code, banned) VALUES(13, 'Rita Pinto', 'ritapinto', 'Aliquam vestibulum, sem et congue tincidunt, nibh ligula commodo urna, at gravida ante tortor eget magna.', 'Lorem ipsum dolor sit amet, consectetur adipiscing elit. Suspendisse euismod commodo velit, ut tincidunt urna consectetur eget. Aliquam vestibulum, sem et congue tincidunt, nibh ligula commodo urna, at gravida ante tortor eget magna. Curabitur euismod enim quis accumsan semper. Interdum et malesuada fames ac ante ipsum primis in faucibus. Proin.', 'Porto, Portugal', '910000013', '351', false);
INSERT INTO member (id_member, name, username, email, about, description, location, phone_number, region_code, banned) VALUES(14, 'Daniela Pereira', 'danielapereira', 'Aliquam vestibulum, sem et congue tincidunt, nibh ligula commodo urna, at gravida ante tortor eget magna.', 'Lorem ipsum dolor sit amet, consectetur adipiscing elit. Suspendisse euismod commodo velit, ut tincidunt urna consectetur eget. Aliquam vestibulum, sem et congue tincidunt, nibh ligula commodo urna, at gravida ante tortor eget magna. Curabitur euismod enim quis accumsan semper. Interdum et malesuada fames ac ante ipsum primis in faucibus. Proin.', 'Porto, Portugal', '910000014', '351', false);
INSERT INTO member (id_member, name, username, email, about, description, location, phone_number, region_code, banned) VALUES(15, 'Joana Ramos', 'joanaramos', 'Aliquam vestibulum, sem et congue tincidunt, nibh ligula commodo urna, at gravida ante tortor eget magna.', 'Lorem ipsum dolor sit amet, consectetur adipiscing elit. Suspendisse euismod commodo velit, ut tincidunt urna consectetur eget. Aliquam vestibulum, sem et congue tincidunt, nibh ligula commodo urna, at gravida ante tortor eget magna. Curabitur euismod enim quis accumsan semper. Interdum et malesuada fames ac ante ipsum primis in faucibus. Proin.', 'Porto, Portugal', '910000015', '351', false);
INSERT INTO member (id_member, name, username, email, about, description, location, phone_number, region_code, banned) VALUES(16, 'Mariana Azevedo', 'marianaazevedo', 'Aliquam vestibulum, sem et congue tincidunt, nibh ligula commodo urna, at gravida ante tortor eget magna.', 'Lorem ipsum dolor sit amet, consectetur adipiscing elit. Suspendisse euismod commodo velit, ut tincidunt urna consectetur eget. Aliquam vestibulum, sem et congue tincidunt, nibh ligula commodo urna, at gravida ante tortor eget magna. Curabitur euismod enim quis accumsan semper. Interdum et malesuada fames ac ante ipsum primis in faucibus. Proin.', 'Porto, Portugal', '910000016', '351', false);
INSERT INTO member (id_member, name, username, email, about, description, location, phone_number, region_code, banned) VALUES(17, 'Maria Cardoso', 'mariacardoso', 'Aliquam vestibulum, sem et congue tincidunt, nibh ligula commodo urna, at gravida ante tortor eget magna.', 'Lorem ipsum dolor sit amet, consectetur adipiscing elit. Suspendisse euismod commodo velit, ut tincidunt urna consectetur eget. Aliquam vestibulum, sem et congue tincidunt, nibh ligula commodo urna, at gravida ante tortor eget magna. Curabitur euismod enim quis accumsan semper. Interdum et malesuada fames ac ante ipsum primis in faucibus. Proin.', 'Porto, Portugal', '910000017', '351', false);
INSERT INTO member (id_member, name, username, email, about, description, location, phone_number, region_code, banned) VALUES(18, 'Helena Sampaio', 'helenasampaio', 'Aliquam vestibulum, sem et congue tincidunt, nibh ligula commodo urna, at gravida ante tortor eget magna.', 'Lorem ipsum dolor sit amet, consectetur adipiscing elit. Suspendisse euismod commodo velit, ut tincidunt urna consectetur eget. Aliquam vestibulum, sem et congue tincidunt, nibh ligula commodo urna, at gravida ante tortor eget magna. Curabitur euismod enim quis accumsan semper. Interdum et malesuada fames ac ante ipsum primis in faucibus. Proin.', 'Porto, Portugal', '910000018', '351', false);
INSERT INTO member (id_member, name, username, email, about, description, location, phone_number, region_code, banned) VALUES(19, 'Paula Rocha', 'paularocha', 'Aliquam vestibulum, sem et congue tincidunt, nibh ligula commodo urna, at gravida ante tortor eget magna.', 'Lorem ipsum dolor sit amet, consectetur adipiscing elit. Suspendisse euismod commodo velit, ut tincidunt urna consectetur eget. Aliquam vestibulum, sem et congue tincidunt, nibh ligula commodo urna, at gravida ante tortor eget magna. Curabitur euismod enim quis accumsan semper. Interdum et malesuada fames ac ante ipsum primis in faucibus. Proin.', 'Porto, Portugal', '910000019', '351', false);
INSERT INTO member (id_member, name, username, email, about, description, location, phone_number, region_code, banned) VALUES(20, 'Beatriz Henriques', 'beatrizhenriques', 'Aliquam vestibulum, sem et congue tincidunt, nibh ligula commodo urna, at gravida ante tortor eget magna.', 'Lorem ipsum dolor sit amet, consectetur adipiscing elit. Suspendisse euismod commodo velit, ut tincidunt urna consectetur eget. Aliquam vestibulum, sem et congue tincidunt, nibh ligula commodo urna, at gravida ante tortor eget magna. Curabitur euismod enim quis accumsan semper. Interdum et malesuada fames ac ante ipsum primis in faucibus. Proin.', 'Porto, Portugal', '910000020', '351', false);

-- default_auth (id_member, password)
INSERT INTO default_auth (id_member, password) VALUES(1, '03AC674216F3E15C761EE1A5E255F067953623C8B388B4459E13F978D7C846F4');
INSERT INTO default_auth (id_member, password) VALUES(2, '03AC674216F3E15C761EE1A5E255F067953623C8B388B4459E13F978D7C846F4');
INSERT INTO default_auth (id_member, password) VALUES(3, '03AC674216F3E15C761EE1A5E255F067953623C8B388B4459E13F978D7C846F4');
INSERT INTO default_auth (id_member, password) VALUES(4, '03AC674216F3E15C761EE1A5E255F067953623C8B388B4459E13F978D7C846F4');
INSERT INTO default_auth (id_member, password) VALUES(5, '03AC674216F3E15C761EE1A5E255F067953623C8B388B4459E13F978D7C846F4');
INSERT INTO default_auth (id_member, password) VALUES(6, '03AC674216F3E15C761EE1A5E255F067953623C8B388B4459E13F978D7C846F4');
INSERT INTO default_auth (id_member, password) VALUES(7, '03AC674216F3E15C761EE1A5E255F067953623C8B388B4459E13F978D7C846F4');
INSERT INTO default_auth (id_member, password) VALUES(8, '03AC674216F3E15C761EE1A5E255F067953623C8B388B4459E13F978D7C846F4');
INSERT INTO default_auth (id_member, password) VALUES(9, '03AC674216F3E15C761EE1A5E255F067953623C8B388B4459E13F978D7C846F4');
INSERT INTO default_auth (id_member, password) VALUES(10, '03AC674216F3E15C761EE1A5E255F067953623C8B388B4459E13F978D7C846F4');

-- google_auth (id_member, password)
INSERT INTO google_auth (id_member, password) VALUES(11, '03AC674216F3E15C761EE1A5E255F067953623C8B388B4459E13F978D7C846F4');
INSERT INTO google_auth (id_member, password) VALUES(12, '03AC674216F3E15C761EE1A5E255F067953623C8B388B4459E13F978D7C846F4');
INSERT INTO google_auth (id_member, password) VALUES(13, '03AC674216F3E15C761EE1A5E255F067953623C8B388B4459E13F978D7C846F4');
INSERT INTO google_auth (id_member, password) VALUES(14, '03AC674216F3E15C761EE1A5E255F067953623C8B388B4459E13F978D7C846F4');
INSERT INTO google_auth (id_member, password) VALUES(15, '03AC674216F3E15C761EE1A5E255F067953623C8B388B4459E13F978D7C846F4');
INSERT INTO google_auth (id_member, password) VALUES(16, '03AC674216F3E15C761EE1A5E255F067953623C8B388B4459E13F978D7C846F4');
INSERT INTO google_auth (id_member, password) VALUES(17, '03AC674216F3E15C761EE1A5E255F067953623C8B388B4459E13F978D7C846F4');
INSERT INTO google_auth (id_member, password) VALUES(18, '03AC674216F3E15C761EE1A5E255F067953623C8B388B4459E13F978D7C846F4');
INSERT INTO google_auth (id_member, password) VALUES(19, '03AC674216F3E15C761EE1A5E255F067953623C8B388B4459E13F978D7C846F4');
INSERT INTO google_auth (id_member, password) VALUES(20, '03AC674216F3E15C761EE1A5E255F067953623C8B388B4459E13F978D7C846F4');

-- project (id_project, name, color, end_date, deleted)
INSERT INTO project (id_project, name, color, end_date, deleted) VALUES(1, 'workpad', 'Green', '2019-06-02 12:00:00', false);
INSERT INTO project (id_project, name, color, end_date, deleted) VALUES(2, 'NIFEUP', 'Orange', '2019-06-02 12:00:00', false);
INSERT INTO project (id_project, name, color, end_date, deleted) VALUES(3, 'IEEE', 'Blue', '2019-06-02 12:00:00', false);
INSERT INTO project (id_project, name, color, end_date, deleted) VALUES(4, 'AEFEUP', 'Yellow', '2019-06-02 12:00:00', false);
INSERT INTO project (id_project, name, color, end_date, deleted) VALUES(5, 'Tuga POP', 'Red', '2019-06-02 12:00:00', false);

-- project_member (id_project, id_member, manager)

INSERT INTO project_member (id_project, id_member, manager) VALUES(1, 1, false);
INSERT INTO project_member (id_project, id_member, manager) VALUES(1, 2, true);
INSERT INTO project_member (id_project, id_member, manager) VALUES(1, 3, false);
INSERT INTO project_member (id_project, id_member, manager) VALUES(1, 4, true);
INSERT INTO project_member (id_project, id_member, manager) VALUES(2, 4, false);
INSERT INTO project_member (id_project, id_member, manager) VALUES(2, 5, false);
INSERT INTO project_member (id_project, id_member, manager) VALUES(2, 7, true);
INSERT INTO project_member (id_project, id_member, manager) VALUES(2, 10, false);
INSERT INTO project_member (id_project, id_member, manager) VALUES(2, 11, false);
INSERT INTO project_member (id_project, id_member, manager) VALUES(2, 12, false);
INSERT INTO project_member (id_project, id_member, manager) VALUES(2, 13, false);
INSERT INTO project_member (id_project, id_member, manager) VALUES(2, 14, false);
INSERT INTO project_member (id_project, id_member, manager) VALUES(2, 15, false);
INSERT INTO project_member (id_project, id_member, manager) VALUES(3, 8, true);
INSERT INTO project_member (id_project, id_member, manager) VALUES(3, 9, true);
INSERT INTO project_member (id_project, id_member, manager) VALUES(3, 16, false);
INSERT INTO project_member (id_project, id_member, manager) VALUES(3, 17, false);
INSERT INTO project_member (id_project, id_member, manager) VALUES(3, 18, false);
INSERT INTO project_member (id_project, id_member, manager) VALUES(3, 19, false);
INSERT INTO project_member (id_project, id_member, manager) VALUES(3, 20, false);
INSERT INTO project_member (id_project, id_member, manager) VALUES(4, 1, false);
INSERT INTO project_member (id_project, id_member, manager) VALUES(4, 2, true);
INSERT INTO project_member (id_project, id_member, manager) VALUES(4, 3, false);
INSERT INTO project_member (id_project, id_member, manager) VALUES(4, 4, false);
INSERT INTO project_member (id_project, id_member, manager) VALUES(4, 5, false);
INSERT INTO project_member (id_project, id_member, manager) VALUES(4, 6, false);
INSERT INTO project_member (id_project, id_member, manager) VALUES(4, 7, false);
INSERT INTO project_member (id_project, id_member, manager) VALUES(4, 8, false);
INSERT INTO project_member (id_project, id_member, manager) VALUES(4, 9, false);
INSERT INTO project_member (id_project, id_member, manager) VALUES(4, 10, false);
INSERT INTO project_member (id_project, id_member, manager) VALUES(5, 1, true);

-- task (id_task, id_project, list_name, name, description, creation_date, due_date, issue)

INSERT INTO task (id_task, id_project, list_name, name, description, creation_date, due_date, issue) VALUES(1, 1, 'To Do', 'Create database', null, '2019-04-01 12:00:00', '2019-06-02 12:00:00', null);
INSERT INTO task (id_task, id_project, list_name, name, description, creation_date, due_date, issue) VALUES(2, 1, 'In Progress', 'Storyboards', null, '2019-04-01 12:00:00', '2019-06-02 12:00:00', null);
INSERT INTO task (id_task, id_project, list_name, name, description, creation_date, due_date, issue) VALUES(3, 1, 'Pending Approval', 'Create workpad logo', null, '2019-04-01 12:00:00', '2019-06-02 12:00:00', null);
INSERT INTO task (id_task, id_project, list_name, name, description, creation_date, due_date, issue) VALUES(4, 1, 'Done', 'Create team', null, '2019-04-01 12:00:00', '2019-06-02 12:00:00', null);
INSERT INTO task (id_task, id_project, list_name, name, description, creation_date, due_date, issue) VALUES(5, 2, 'To-Do', 'Start projects', null, '2019-04-01 12:00:00', '2019-06-02 12:00:00', null);
INSERT INTO task (id_task, id_project, list_name, name, description, creation_date, due_date, issue) VALUES(6, 2, 'In Progress', 'Decide projects', null, '2019-04-01 12:00:00', '2019-06-02 12:00:00', null);
INSERT INTO task (id_task, id_project, list_name, name, description, creation_date, due_date, issue) VALUES(7, 2, 'Pending Approval', 'Brainstorm ideas for projects', null, '2019-04-01 12:00:00', '2019-06-02 12:00:00', null);
INSERT INTO task (id_task, id_project, list_name, name, description, creation_date, due_date, issue) VALUES(8, 2, 'Done', 'Create teams', null, '2019-04-01 12:00:00', '2019-06-02 12:00:00', null);
INSERT INTO task (id_task, id_project, list_name, name, description, creation_date, due_date, issue) VALUES(9, 3, 'To-Do', 'Start projects', null, '2019-04-01 12:00:00', '2019-06-02 12:00:00', null);
INSERT INTO task (id_task, id_project, list_name, name, description, creation_date, due_date, issue) VALUES(10, 3, 'In Progress', 'Decide projects', null, '2019-04-01 12:00:00', '2019-06-02 12:00:00', null);
INSERT INTO task (id_task, id_project, list_name, name, description, creation_date, due_date, issue) VALUES(11, 3, 'Pending Approval', 'Brainstorm ideas for projects', null, '2019-04-01 12:00:00', '2019-06-02 12:00:00', null);
INSERT INTO task (id_task, id_project, list_name, name, description, creation_date, due_date, issue) VALUES(12, 3, 'Done', 'Create teams', null, '2019-04-01 12:00:00', '2019-06-02 12:00:00', null);
INSERT INTO task (id_task, id_project, list_name, name, description, creation_date, due_date, issue) VALUES(13, 4, 'To-Do', 'Book artists', null, '2019-04-01 12:00:00', '2019-06-02 12:00:00', null);
INSERT INTO task (id_task, id_project, list_name, name, description, creation_date, due_date, issue) VALUES(14, 4, 'In Progress', 'Decide party themes', null, '2019-04-01 12:00:00', '2019-06-02 12:00:00', null);
INSERT INTO task (id_task, id_project, list_name, name, description, creation_date, due_date, issue) VALUES(15, 4, 'Pending Approval', 'Brainstorm ideas for parties', null, '2019-04-01 12:00:00', '2019-06-02 12:00:00', null);
INSERT INTO task (id_task, id_project, list_name, name, description, creation_date, due_date, issue) VALUES(16, 4, 'Done', 'Create teams', null, '2019-04-01 12:00:00', '2019-06-02 12:00:00', null);
INSERT INTO task (id_task, id_project, list_name, name, description, creation_date, due_date, issue) VALUES(17, 5, 'To-Do', 'Choose theme', null, '2019-04-01 12:00:00', null, null);
INSERT INTO task (id_task, id_project, list_name, name, description, creation_date, due_date, issue) VALUES(18, 5, 'In Progress', 'Implement Wordpress', null, '2019-04-01 12:00:00', null, null);
INSERT INTO task (id_task, id_project, list_name, name, description, creation_date, due_date, issue) VALUES(19, 5, 'Pending Approval', 'Create logo', null, '2019-04-01 12:00:00', null, null);
INSERT INTO task (id_task, id_project, list_name, name, description, creation_date, due_date, issue) VALUES(20, 5, 'Done', 'Buy domain', null, '2019-04-01 12:00:00', null, null);

-- assigned_to (id_member, id_task)

INSERT INTO assigned_to (id_member, id_task) VALUES (1,1);
INSERT INTO assigned_to (id_member, id_task) VALUES (2,2);
INSERT INTO assigned_to (id_member, id_task) VALUES (3,3);
INSERT INTO assigned_to (id_member, id_task) VALUES (4,4);
INSERT INTO assigned_to (id_member, id_task) VALUES (4,5);
INSERT INTO assigned_to (id_member, id_task) VALUES (5,6);
INSERT INTO assigned_to (id_member, id_task) VALUES (7,7);
INSERT INTO assigned_to (id_member, id_task) VALUES (10,8);
INSERT INTO assigned_to (id_member, id_task) VALUES (8,9);
INSERT INTO assigned_to (id_member, id_task) VALUES (9,10);
INSERT INTO assigned_to (id_member, id_task) VALUES (16,11);
INSERT INTO assigned_to (id_member, id_task) VALUES (17,12);
INSERT INTO assigned_to (id_member, id_task) VALUES (1,13);
INSERT INTO assigned_to (id_member, id_task) VALUES (2,14);
INSERT INTO assigned_to (id_member, id_task) VALUES (3,15);
INSERT INTO assigned_to (id_member, id_task) VALUES (4,16);
INSERT INTO assigned_to (id_member, id_task) VALUES (1,17);
INSERT INTO assigned_to (id_member, id_task) VALUES (1,18);
INSERT INTO assigned_to (id_member, id_task) VALUES (1,19);
INSERT INTO assigned_to (id_member, id_task) VALUES (1,20);

-- subtask (id_subtask, id_task, brief)

INSERT INTO subtask (id_subtask, id_task, brief) VALUES (1, 3, 'Sketch');
INSERT INTO subtask (id_subtask, id_task, brief) VALUES (2, 3, 'Vectorize');
INSERT INTO subtask (id_subtask, id_task, brief) VALUES (3, 13, 'Contact booking agencies');
INSERT INTO subtask (id_subtask, id_task, brief) VALUES (4, 13, 'Ask for price');
INSERT INTO subtask (id_subtask, id_task, brief) VALUES (5, 13, 'Email rider');

-- task_comment (id_task_comment, id_member, id_task, content, date)

INSERT INTO task_comment (id_task_comment, id_member, id_task, content, date) VALUES (1, 1, 3, 'Make the w bigger. The rest is perfect. Good work!', '2019-03-25 12:00:00');

-- forum (id_forum, id_project, topic)

INSERT INTO forum (id_forum, id_project, topic) VALUES (1, 1, 'General');
INSERT INTO forum (id_forum, id_project, topic) VALUES (2, 2, 'Team 1');
INSERT INTO forum (id_forum, id_project, topic) VALUES (3, 2, 'Team 2');
INSERT INTO forum (id_forum, id_project, topic) VALUES (4, 3, 'Team 1');
INSERT INTO forum (id_forum, id_project, topic) VALUES (5, 3, 'Team 2');
INSERT INTO forum (id_forum, id_project, topic) VALUES (6, 4, 'Team 1');
INSERT INTO forum (id_forum, id_project, topic) VALUES (7, 4, 'Team 2');

-- forum_comment (id_forum_comment, id_member, id_forum, content, date)

INSERT INTO forum_comment (id_forum_comment, id_member, id_forum, content, date) VALUES (1, 1, 1, 'Hello everyone!', '2019-03-25 12:00:00');
INSERT INTO forum_comment (id_forum_comment, id_member, id_forum, content, date) VALUES (2, 7, 2, 'Hello everyone!', '2019-03-25 12:00:00');
INSERT INTO forum_comment (id_forum_comment, id_member, id_forum, content, date) VALUES (3, 7, 3, 'Hello everyone!', '2019-03-25 12:00:00');
INSERT INTO forum_comment (id_forum_comment, id_member, id_forum, content, date) VALUES (4, 8, 4, 'Hello everyone!', '2019-03-25 12:00:00');
INSERT INTO forum_comment (id_forum_comment, id_member, id_forum, content, date) VALUES (5, 8, 5, 'Hello everyone!', '2019-03-25 12:00:00');
INSERT INTO forum_comment (id_forum_comment, id_member, id_forum, content, date) VALUES (6, 2, 6, 'Hello everyone!', '2019-03-25 12:00:00');
INSERT INTO forum_comment (id_forum_comment, id_member, id_forum, content, date) VALUES (7, 2, 7, 'Hello everyone!', '2019-03-25 12:00:00');

-- notification (id_notification, id_member, content, seen, interactable, link)

INSERT INTO notification (id_notification, id_member, content, seen, interactable, link) VALUES (1, 1, 'Pedro commented on your task', '/');
INSERT INTO notification (id_notification, id_member, content, seen, interactable, link) VALUES (2, 2, 'Claudio commented on your task', '/');

-- admin (id_admin, username, password)

INSERT INTO admin (id_admin, username, password) VALUES (1, claudio, '03AC674216F3E15C761EE1A5E255F067953623C8B388B4459E13F978D7C846F4');
INSERT INTO admin (id_admin, username, password) VALUES (2, fernando, '03AC674216F3E15C761EE1A5E255F067953623C8B388B4459E13F978D7C846F4');
INSERT INTO admin (id_admin, username, password) VALUES (3, joao, '03AC674216F3E15C761EE1A5E255F067953623C8B388B4459E13F978D7C846F4');
INSERT INTO admin (id_admin, username, password) VALUES (4, pedro, '03AC674216F3E15C761EE1A5E255F067953623C8B388B4459E13F978D7C846F4');
